storage,scenario,blockCount,frame,scrollY,operation,operationMs,frameMs,renderAndSyncMs,displayMs,drawMs,drawCount,dirtyArea,layoutMode,visibleOrderEntryCount,visibleRenderedBlockCount,layoutInputBlockCount,layoutOutputBlockCount,cacheHitCount,cacheMissCount,heightIndexRebuildCount,heightIndexInsertCount,heightIndexRemoveCount,heightIndexMoveCount,heightIndexUpdateHeightCount
array,subtree-delete,100,0,1484.600,subtreeDelete,0.166,8.739,0.183,8.390,7.917,1,655040.449,incremental,6,21,0,0,0,0,0,0,6,0,0
array,subtree-delete,100,1,1484.600,subtreeDelete,0.050,6.929,0.146,6.734,6.337,1,655040.449,incremental,6,21,0,0,0,0,0,0,6,0,0
array,subtree-delete,100,2,1484.600,subtreeDelete,0.052,6.976,0.124,6.799,6.403,1,655040.449,incremental,6,21,0,0,0,0,0,0,6,0,0
array,subtree-delete,100,3,1484.600,subtreeDelete,0.042,6.937,0.210,6.686,6.333,1,655040.449,incremental,6,21,0,0,0,0,0,0,6,0,0
array,subtree-delete,100,4,1484.600,subtreeDelete,0.041,6.518,0.116,6.360,6.001,1,655040.449,incremental,6,21,0,0,0,0,0,0,6,0,0
array,subtree-delete,100,5,1484.600,subtreeDelete,0.040,6.277,0.117,6.119,5.784,1,655040.449,incremental,6,21,0,0,0,0,0,0,6,0,0
array,subtree-delete,100,6,1484.600,subtreeDelete,0.039,5.940,0.112,5.788,5.483,1,655040.449,incremental,6,21,0,0,0,0,0,0,6,0,0
array,subtree-delete,100,7,1484.600,subtreeDelete,0.037,5.932,0.108,5.787,5.484,1,655040.449,incremental,6,21,0,0,0,0,0,0,6,0,0
array,subtree-delete,100,8,1484.600,subtreeDelete,0.036,5.869,0.108,5.725,5.422,1,655040.449,incremental,6,21,0,0,0,0,0,0,6,0,0
array,subtree-delete,100,9,1484.600,subtreeDelete,0.034,5.816,0.107,5.675,5.378,1,655040.449,incremental,6,21,0,0,0,0,0,0,6,0,0
array,subtree-delete,100,10,1484.600,subtreeDelete,0.033,5.819,0.107,5.679,5.378,1,655040.449,incremental,6,21,0,0,0,0,0,0,6,0,0
array,subtree-delete,100,11,1484.600,subtreeDelete,0.034,5.925,0.105,5.785,5.480,1,655040.449,incremental,6,21,0,0,0,0,0,0,6,0,0
array,subtree-delete,100,12,1484.600,subtreeDelete,0.036,5.938,0.106,5.796,5.483,1,655040.449,incremental,6,21,0,0,0,0,0,0,6,0,0
array,subtree-delete,100,13,1484.600,subtreeDelete,0.048,8.255,0.160,8.046,7.676,1,655040.449,incremental,6,21,0,0,0,0,0,0,6,0,0
array,subtree-delete,100,14,1484.600,subtreeDelete,0.041,6.541,0.123,6.376,6.008,1,655040.449,incremental,6,21,0,0,0,0,0,0,6,0,0
array,subtree-delete,100,15,1484.600,subtreeDelete,0.040,6.136,0.115,5.981,5.648,1,655040.449,incremental,6,21,0,0,0,0,0,0,6,0,0
array,subtree-delete,100,16,1484.600,subtreeDelete,0.038,5.949,0.112,5.799,5.487,1,655040.449,incremental,6,21,0,0,0,0,0,0,6,0,0
array,subtree-delete,100,17,1484.600,subtreeDelete,0.036,6.033,0.119,5.877,5.552,1,655040.449,incremental,6,21,0,0,0,0,0,0,6,0,0
array,subtree-delete,100,18,1484.600,subtreeDelete,0.035,5.975,0.129,5.811,5.501,1,655040.449,incremental,6,21,0,0,0,0,0,0,6,0,0
array,subtree-delete,100,19,1484.600,subtreeDelete,0.034,6.396,0.107,6.255,5.925,1,655040.449,incremental,6,21,0,0,0,0,0,0,6,0,0
array,subtree-delete,100,20,1484.600,subtreeDelete,0.041,6.255,0.119,6.095,5.757,1,655040.449,incremental,6,21,0,0,0,0,0,0,6,0,0
array,subtree-delete,100,21,1484.600,subtreeDelete,0.041,6.138,0.117,5.981,5.653,1,655040.449,incremental,6,21,0,0,0,0,0,0,6,0,0
array,subtree-delete,100,22,1484.600,subtreeDelete,0.038,6.041,0.111,5.892,5.561,1,655040.449,incremental,6,21,0,0,0,0,0,0,6,0,0
array,subtree-delete,100,23,1484.600,subtreeDelete,0.035,6.097,0.106,5.956,5.632,1,655040.449,incremental,6,21,0,0,0,0,0,0,6,0,0
array,subtree-delete,100,24,1484.600,subtreeDelete,0.034,5.978,0.108,5.836,5.532,1,655040.449,incremental,6,21,0,0,0,0,0,0,6,0,0
array,subtree-delete,100,25,1484.600,subtreeDelete,0.034,5.947,0.105,5.809,5.498,1,655040.449,incremental,6,21,0,0,0,0,0,0,6,0,0
array,subtree-delete,100,26,1484.600,subtreeDelete,0.034,5.901,0.106,5.760,5.456,1,655040.449,incremental,6,21,0,0,0,0,0,0,6,0,0
array,subtree-delete,100,27,1484.600,subtreeDelete,0.033,5.886,0.105,5.748,5.450,1,655040.449,incremental,6,21,0,0,0,0,0,0,6,0,0
array,subtree-delete,100,28,1484.600,subtreeDelete,0.037,6.209,0.114,6.059,5.735,1,655040.449,incremental,6,21,0,0,0,0,0,0,6,0,0
array,subtree-delete,100,29,1484.600,subtreeDelete,0.040,7.403,0.120,7.242,6.881,1,655040.449,incremental,6,21,0,0,0,0,0,0,6,0,0
array,subtree-delete,100,30,1484.600,subtreeDelete,0.039,6.800,0.117,6.644,6.295,1,655040.449,incremental,6,21,0,0,0,0,0,0,6,0,0
array,subtree-delete,100,31,1484.600,subtreeDelete,0.040,6.387,0.129,6.219,5.875,1,655040.449,incremental,6,21,0,0,0,0,0,0,6,0,0
array,subtree-delete,100,32,1484.600,subtreeDelete,0.044,6.395,0.131,6.219,5.871,1,655040.449,incremental,6,21,0,0,0,0,0,0,6,0,0
array,subtree-delete,100,33,1484.600,subtreeDelete,0.040,6.343,0.119,6.183,5.850,1,655040.449,incremental,6,21,0,0,0,0,0,0,6,0,0
array,subtree-delete,100,34,1484.600,subtreeDelete,0.040,6.771,0.118,6.613,6.250,1,655040.449,incremental,6,21,0,0,0,0,0,0,6,0,0
array,subtree-delete,100,35,1484.600,subtreeDelete,0.044,9.309,0.144,9.121,8.744,1,655040.449,incremental,6,21,0,0,0,0,0,0,6,0,0
array,subtree-delete,100,36,1484.600,subtreeDelete,0.044,6.607,0.129,6.433,6.035,1,655040.449,incremental,6,21,0,0,0,0,0,0,6,0,0
array,subtree-delete,100,37,1484.600,subtreeDelete,0.043,6.358,0.127,6.188,5.725,1,655040.449,incremental,6,21,0,0,0,0,0,0,6,0,0
array,subtree-delete,100,38,1484.600,subtreeDelete,0.041,7.586,0.117,7.427,7.066,1,655040.449,incremental,6,21,0,0,0,0,0,0,6,0,0
array,subtree-delete,100,39,1484.600,subtreeDelete,0.040,6.277,0.119,6.118,5.778,1,655040.449,incremental,6,21,0,0,0,0,0,0,6,0,0
array,subtree-delete,100,40,1484.600,subtreeDelete,0.037,6.214,0.111,6.065,5.699,1,655040.449,incremental,6,21,0,0,0,0,0,0,6,0,0
array,subtree-delete,100,41,1484.600,subtreeDelete,0.041,5.926,0.119,5.766,5.433,1,655040.449,incremental,6,21,0,0,0,0,0,0,6,0,0
array,subtree-delete,100,42,1484.600,subtreeDelete,0.039,6.000,0.113,5.847,5.533,1,655040.449,incremental,6,21,0,0,0,0,0,0,6,0,0
array,subtree-delete,100,43,1484.600,subtreeDelete,0.036,6.138,0.109,5.993,5.644,1,655040.449,incremental,6,21,0,0,0,0,0,0,6,0,0
array,subtree-delete,100,44,1484.600,subtreeDelete,0.036,6.414,0.108,6.270,5.935,1,655040.449,incremental,6,21,0,0,0,0,0,0,6,0,0
array,subtree-delete,100,45,1484.600,subtreeDelete,0.036,6.723,0.110,6.576,6.198,1,655040.449,incremental,6,21,0,0,0,0,0,0,6,0,0
array,subtree-delete,100,46,1484.600,subtreeDelete,0.041,8.349,0.127,8.181,7.839,1,655040.449,incremental,6,21,0,0,0,0,0,0,6,0,0
array,subtree-delete,100,47,1484.600,subtreeDelete,0.036,5.913,0.113,5.764,5.460,1,655040.449,incremental,6,21,0,0,0,0,0,0,6,0,0
array,subtree-delete,100,48,1484.600,subtreeDelete,0.035,6.005,0.107,5.862,5.557,1,655040.449,incremental,6,21,0,0,0,0,0,0,6,0,0
array,subtree-delete,100,49,1484.600,subtreeDelete,0.036,6.112,0.109,5.967,5.514,1,655040.449,incremental,6,21,0,0,0,0,0,0,6,0,0
array,subtree-delete,100,50,1484.600,subtreeDelete,0.035,5.913,0.107,5.770,5.470,1,655040.449,incremental,6,21,0,0,0,0,0,0,6,0,0
array,subtree-delete,100,51,1484.600,subtreeDelete,0.033,5.865,0.109,5.722,5.424,1,655040.449,incremental,6,21,0,0,0,0,0,0,6,0,0
array,subtree-delete,100,52,1484.600,subtreeDelete,0.034,5.906,0.106,5.766,5.419,1,655040.449,incremental,6,21,0,0,0,0,0,0,6,0,0
array,subtree-delete,100,53,1484.600,subtreeDelete,0.035,5.932,0.109,5.789,5.485,1,655040.449,incremental,6,21,0,0,0,0,0,0,6,0,0
array,subtree-delete,100,54,1484.600,subtreeDelete,0.033,5.892,0.107,5.751,5.449,1,655040.449,incremental,6,21,0,0,0,0,0,0,6,0,0
array,subtree-delete,100,55,1484.600,subtreeDelete,0.033,5.973,0.105,5.834,5.529,1,655040.449,incremental,6,21,0,0,0,0,0,0,6,0,0
array,subtree-delete,100,56,1484.600,subtreeDelete,0.038,5.924,0.107,5.779,5.477,1,655040.449,incremental,6,21,0,0,0,0,0,0,6,0,0
array,subtree-delete,100,57,1484.600,subtreeDelete,0.036,7.651,0.118,7.496,7.185,1,655040.449,incremental,6,21,0,0,0,0,0,0,6,0,0
array,subtree-delete,100,58,1484.600,subtreeDelete,0.034,5.874,0.108,5.732,5.428,1,655040.449,incremental,6,21,0,0,0,0,0,0,6,0,0
array,subtree-delete,100,59,1484.600,subtreeDelete,0.034,5.899,0.107,5.758,5.447,1,655040.449,incremental,6,21,0,0,0,0,0,0,6,0,0
array,subtree-delete,1000,0,17756.600,subtreeDelete,0.526,1.819,1.070,0.223,0.116,1,655043.594,incremental,50,0,0,0,0,0,0,0,50,0,0
array,subtree-delete,1000,1,17756.600,subtreeDelete,0.432,1.643,1.057,0.154,0.102,1,655043.594,incremental,50,0,0,0,0,0,0,0,50,0,0
array,subtree-delete,1000,2,17756.600,subtreeDelete,0.416,1.584,1.026,0.143,0.094,1,655043.594,incremental,50,0,0,0,0,0,0,0,50,0,0
array,subtree-delete,1000,3,17756.600,subtreeDelete,0.425,1.613,1.031,0.156,0.101,1,655043.594,incremental,50,0,0,0,0,0,0,0,50,0,0
array,subtree-delete,1000,4,17756.600,subtreeDelete,0.409,1.628,1.059,0.160,0.104,1,655043.594,incremental,50,0,0,0,0,0,0,0,50,0,0
array,subtree-delete,1000,5,17756.600,subtreeDelete,0.409,1.597,1.046,0.141,0.093,1,655043.594,incremental,50,0,0,0,0,0,0,0,50,0,0
array,subtree-delete,1000,6,17756.600,subtreeDelete,0.404,1.563,1.019,0.140,0.092,1,655043.594,incremental,50,0,0,0,0,0,0,0,50,0,0
array,subtree-delete,1000,7,17756.600,subtreeDelete,0.407,1.584,1.034,0.143,0.094,1,655043.594,incremental,50,0,0,0,0,0,0,0,50,0,0
array,subtree-delete,1000,8,17756.600,subtreeDelete,0.403,1.581,1.040,0.138,0.091,1,655043.594,incremental,50,0,0,0,0,0,0,0,50,0,0
array,subtree-delete,1000,9,17756.600,subtreeDelete,0.404,1.606,1.051,0.151,0.099,1,655043.594,incremental,50,0,0,0,0,0,0,0,50,0,0
array,subtree-delete,1000,10,17756.600,subtreeDelete,0.412,1.581,1.026,0.142,0.094,1,655043.594,incremental,50,0,0,0,0,0,0,0,50,0,0
array,subtree-delete,1000,11,17756.600,subtreeDelete,0.408,1.570,1.022,0.140,0.093,1,655043.594,incremental,50,0,0,0,0,0,0,0,50,0,0
array,subtree-delete,1000,12,17756.600,subtreeDelete,0.453,1.813,1.182,0.177,0.114,1,655043.594,incremental,50,0,0,0,0,0,0,0,50,0,0
array,subtree-delete,1000,13,17756.600,subtreeDelete,0.458,1.688,1.053,0.176,0.109,1,655043.594,incremental,50,0,0,0,0,0,0,0,50,0,0
array,subtree-delete,1000,14,17756.600,subtreeDelete,0.421,1.600,1.021,0.158,0.100,1,655043.594,incremental,50,0,0,0,0,0,0,0,50,0,0
array,subtree-delete,1000,15,17756.600,subtreeDelete,0.473,1.660,1.027,0.159,0.100,1,655043.594,incremental,50,0,0,0,0,0,0,0,50,0,0
array,subtree-delete,1000,16,17756.600,subtreeDelete,0.427,1.625,1.035,0.163,0.112,1,655043.594,incremental,50,0,0,0,0,0,0,0,50,0,0
array,subtree-delete,1000,17,17756.600,subtreeDelete,0.412,1.623,1.056,0.155,0.101,1,655043.594,incremental,50,0,0,0,0,0,0,0,50,0,0
array,subtree-delete,1000,18,17756.600,subtreeDelete,0.436,1.614,1.026,0.151,0.098,1,655043.594,incremental,50,0,0,0,0,0,0,0,50,0,0
array,subtree-delete,1000,19,17756.600,subtreeDelete,0.415,1.558,1.002,0.141,0.093,1,655043.594,incremental,50,0,0,0,0,0,0,0,50,0,0
array,subtree-delete,1000,20,17756.600,subtreeDelete,0.415,1.583,1.026,0.142,0.093,1,655043.594,incremental,50,0,0,0,0,0,0,0,50,0,0
array,subtree-delete,1000,21,17756.600,subtreeDelete,0.401,1.608,1.065,0.142,0.093,1,655043.594,incremental,50,0,0,0,0,0,0,0,50,0,0
array,subtree-delete,1000,22,17756.600,subtreeDelete,0.404,1.573,1.001,0.168,0.110,1,655043.594,incremental,50,0,0,0,0,0,0,0,50,0,0
array,subtree-delete,1000,23,17756.600,subtreeDelete,0.406,1.560,1.015,0.139,0.092,1,655043.594,incremental,50,0,0,0,0,0,0,0,50,0,0
array,subtree-delete,1000,24,17756.600,subtreeDelete,0.422,1.601,1.022,0.157,0.104,1,655043.594,incremental,50,0,0,0,0,0,0,0,50,0,0
array,subtree-delete,1000,25,17756.600,subtreeDelete,0.401,1.757,1.160,0.196,0.131,1,655043.594,incremental,50,0,0,0,0,0,0,0,50,0,0
array,subtree-delete,1000,26,17756.600,subtreeDelete,0.413,1.598,1.037,0.148,0.097,1,655043.594,incremental,50,0,0,0,0,0,0,0,50,0,0
array,subtree-delete,1000,27,17756.600,subtreeDelete,0.407,1.576,1.027,0.141,0.093,1,655043.594,incremental,50,0,0,0,0,0,0,0,50,0,0
array,subtree-delete,1000,28,17756.600,subtreeDelete,0.410,1.598,1.043,0.144,0.096,1,655043.594,incremental,50,0,0,0,0,0,0,0,50,0,0
array,subtree-delete,1000,29,17756.600,subtreeDelete,0.430,1.631,1.057,0.143,0.095,1,655043.594,incremental,50,0,0,0,0,0,0,0,50,0,0
array,subtree-delete,1000,30,17756.600,subtreeDelete,0.405,1.565,1.021,0.139,0.091,1,655043.594,incremental,50,0,0,0,0,0,0,0,50,0,0
array,subtree-delete,1000,31,17756.600,subtreeDelete,0.401,1.558,1.020,0.137,0.090,1,655043.594,incremental,50,0,0,0,0,0,0,0,50,0,0
array,subtree-delete,1000,32,17756.600,subtreeDelete,0.403,1.577,1.036,0.137,0.091,1,655043.594,incremental,50,0,0,0,0,0,0,0,50,0,0
array,subtree-delete,1000,33,17756.600,subtreeDelete,0.410,1.650,1.101,0.139,0.093,1,655043.594,incremental,50,0,0,0,0,0,0,0,50,0,0
array,subtree-delete,1000,34,17756.600,subtreeDelete,0.399,1.557,1.021,0.137,0.091,1,655043.594,incremental,50,0,0,0,0,0,0,0,50,0,0
array,subtree-delete,1000,35,17756.600,subtreeDelete,0.402,1.564,1.024,0.137,0.091,1,655043.594,incremental,50,0,0,0,0,0,0,0,50,0,0
array,subtree-delete,1000,36,17756.600,subtreeDelete,0.425,1.666,1.087,0.154,0.101,1,655043.594,incremental,50,0,0,0,0,0,0,0,50,0,0
array,subtree-delete,1000,37,17756.600,subtreeDelete,0.411,1.645,1.092,0.141,0.092,1,655043.594,incremental,50,0,0,0,0,0,0,0,50,0,0
array,subtree-delete,1000,38,17756.600,subtreeDelete,0.413,1.621,1.049,0.159,0.105,1,655043.594,incremental,50,0,0,0,0,0,0,0,50,0,0
array,subtree-delete,1000,39,17756.600,subtreeDelete,0.432,1.652,1.069,0.150,0.099,1,655043.594,incremental,50,0,0,0,0,0,0,0,50,0,0
array,subtree-delete,1000,40,17756.600,subtreeDelete,0.410,1.552,1.003,0.139,0.092,1,655043.594,incremental,50,0,0,0,0,0,0,0,50,0,0
array,subtree-delete,1000,41,17756.600,subtreeDelete,0.436,1.607,1.023,0.147,0.098,1,655043.594,incremental,50,0,0,0,0,0,0,0,50,0,0
array,subtree-delete,1000,42,17756.600,subtreeDelete,0.403,1.552,1.012,0.137,0.091,1,655043.594,incremental,50,0,0,0,0,0,0,0,50,0,0
array,subtree-delete,1000,43,17756.600,subtreeDelete,0.425,1.617,1.049,0.142,0.093,1,655043.594,incremental,50,0,0,0,0,0,0,0,50,0,0
array,subtree-delete,1000,44,17756.600,subtreeDelete,0.411,1.575,1.026,0.137,0.091,1,655043.594,incremental,50,0,0,0,0,0,0,0,50,0,0
array,subtree-delete,1000,45,17756.600,subtreeDelete,0.524,1.732,1.026,0.182,0.125,1,655043.594,incremental,50,0,0,0,0,0,0,0,50,0,0
array,subtree-delete,1000,46,17756.600,subtreeDelete,0.440,1.705,1.084,0.181,0.113,1,655043.594,incremental,50,0,0,0,0,0,0,0,50,0,0
array,subtree-delete,1000,47,17756.600,subtreeDelete,0.466,1.754,1.105,0.182,0.114,1,655043.594,incremental,50,0,0,0,0,0,0,0,50,0,0
array,subtree-delete,1000,48,17756.600,subtreeDelete,0.436,1.648,1.038,0.174,0.110,1,655043.594,incremental,50,0,0,0,0,0,0,0,50,0,0
array,subtree-delete,1000,49,17756.600,subtreeDelete,0.451,1.622,1.018,0.153,0.099,1,655043.594,incremental,50,0,0,0,0,0,0,0,50,0,0
array,subtree-delete,1000,50,17756.600,subtreeDelete,0.485,1.733,1.096,0.152,0.100,1,655043.594,incremental,50,0,0,0,0,0,0,0,50,0,0
array,subtree-delete,1000,51,17756.600,subtreeDelete,0.447,1.604,1.019,0.139,0.091,1,655043.594,incremental,50,0,0,0,0,0,0,0,50,0,0
array,subtree-delete,1000,52,17756.600,subtreeDelete,0.413,1.638,1.056,0.169,0.116,1,655043.594,incremental,50,0,0,0,0,0,0,0,50,0,0
array,subtree-delete,1000,53,17756.600,subtreeDelete,0.413,1.634,1.069,0.151,0.098,1,655043.594,incremental,50,0,0,0,0,0,0,0,50,0,0
array,subtree-delete,1000,54,17756.600,subtreeDelete,0.423,1.649,1.066,0.159,0.102,1,655043.594,incremental,50,0,0,0,0,0,0,0,50,0,0
array,subtree-delete,1000,55,17756.600,subtreeDelete,0.415,1.731,1.140,0.176,0.117,1,655043.594,incremental,50,0,0,0,0,0,0,0,50,0,0
array,subtree-delete,1000,56,17756.600,subtreeDelete,0.412,1.592,1.033,0.147,0.097,1,655043.594,incremental,50,0,0,0,0,0,0,0,50,0,0
array,subtree-delete,1000,57,17756.600,subtreeDelete,0.413,1.562,1.005,0.144,0.095,1,655043.594,incremental,50,0,0,0,0,0,0,0,50,0,0
array,subtree-delete,1000,58,17756.600,subtreeDelete,0.409,1.580,1.030,0.140,0.092,1,655043.594,incremental,50,0,0,0,0,0,0,0,50,0,0
array,subtree-delete,1000,59,17756.600,subtreeDelete,0.411,1.618,1.064,0.142,0.095,1,655043.594,incremental,50,0,0,0,0,0,0,0,50,0,0
array,subtree-delete,10000,0,180216.600,subtreeDelete,5.360,51.626,45.956,0.308,0.175,1,655068.750,incremental,200,0,0,0,0,0,0,0,200,0,0
array,subtree-delete,10000,1,180192.600,subtreeDelete,5.364,50.728,45.118,0.245,0.159,1,655068.750,incremental,200,0,0,0,0,0,0,0,200,0,0
array,subtree-delete,10000,2,180189.600,subtreeDelete,5.263,50.992,45.358,0.370,0.231,1,655068.750,incremental,200,0,0,0,0,0,0,0,200,0,0
array,subtree-delete,10000,3,180189.600,subtreeDelete,5.222,49.703,44.234,0.246,0.162,1,655068.750,incremental,200,0,0,0,0,0,0,0,200,0,0
array,subtree-delete,10000,4,180189.600,subtreeDelete,5.133,52.337,46.823,0.380,0.241,1,655068.750,incremental,200,0,0,0,0,0,0,0,200,0,0
array,subtree-delete,10000,5,180189.600,subtreeDelete,5.265,50.379,44.887,0.227,0.148,1,655068.750,incremental,200,0,0,0,0,0,0,0,200,0,0
array,subtree-delete,10000,6,180189.600,subtreeDelete,5.139,49.695,44.365,0.191,0.124,1,655068.750,incremental,200,0,0,0,0,0,0,0,200,0,0
array,subtree-delete,10000,7,180189.600,subtreeDelete,5.258,52.899,47.291,0.349,0.219,1,655068.750,incremental,200,0,0,0,0,0,0,0,200,0,0
array,subtree-delete,10000,8,180189.600,subtreeDelete,5.268,52.132,46.607,0.257,0.160,1,655068.750,incremental,200,0,0,0,0,0,0,0,200,0,0
array,subtree-delete,10000,9,180189.600,subtreeDelete,5.262,49.525,44.023,0.240,0.153,1,655068.750,incremental,200,0,0,0,0,0,0,0,200,0,0
array,subtree-delete,10000,10,180189.600,subtreeDelete,5.247,50.378,44.935,0.196,0.129,1,655068.750,incremental,200,0,0,0,0,0,0,0,200,0,0
array,subtree-delete,10000,11,180189.600,subtreeDelete,5.251,50.453,44.970,0.232,0.150,1,655068.750,incremental,200,0,0,0,0,0,0,0,200,0,0
array,subtree-delete,10000,12,180189.600,subtreeDelete,5.146,51.305,45.917,0.242,0.157,1,655068.750,incremental,200,0,0,0,0,0,0,0,200,0,0
array,subtree-delete,10000,13,180189.600,subtreeDelete,5.278,52.065,46.486,0.300,0.191,1,655068.750,incremental,200,0,0,0,0,0,0,0,200,0,0
array,subtree-delete,10000,14,180189.600,subtreeDelete,5.466,50.633,44.963,0.203,0.132,1,655068.750,incremental,200,0,0,0,0,0,0,0,200,0,0
array,subtree-delete,10000,15,180189.600,subtreeDelete,5.174,50.629,45.276,0.178,0.116,1,655068.750,incremental,200,0,0,0,0,0,0,0,200,0,0
array,subtree-delete,10000,16,180189.600,subtreeDelete,5.143,51.274,45.918,0.213,0.138,1,655068.750,incremental,200,0,0,0,0,0,0,0,200,0,0
array,subtree-delete,10000,17,180189.600,subtreeDelete,5.109,50.194,44.836,0.249,0.165,1,655068.750,incremental,200,0,0,0,0,0,0,0,200,0,0
array,subtree-delete,10000,18,180189.600,subtreeDelete,5.134,49.597,44.289,0.173,0.112,1,655068.750,incremental,200,0,0,0,0,0,0,0,200,0,0
array,subtree-delete,10000,19,180189.600,subtreeDelete,5.178,50.280,44.893,0.209,0.132,1,655068.750,incremental,200,0,0,0,0,0,0,0,200,0,0
array,subtree-delete,10000,20,180189.600,subtreeDelete,5.281,51.152,45.686,0.185,0.118,1,655068.750,incremental,200,0,0,0,0,0,0,0,200,0,0
array,subtree-delete,10000,21,180189.600,subtreeDelete,5.160,49.647,44.285,0.202,0.129,1,655068.750,incremental,200,0,0,0,0,0,0,0,200,0,0
array,subtree-delete,10000,22,180189.600,subtreeDelete,5.120,49.971,44.644,0.206,0.133,1,655068.750,incremental,200,0,0,0,0,0,0,0,200,0,0
array,subtree-delete,10000,23,180189.600,subtreeDelete,5.135,50.163,44.848,0.179,0.116,1,655068.750,incremental,200,0,0,0,0,0,0,0,200,0,0
array,subtree-delete,10000,24,180189.600,subtreeDelete,5.445,51.350,45.638,0.266,0.168,1,655068.750,incremental,200,0,0,0,0,0,0,0,200,0,0
array,subtree-delete,10000,25,180189.600,subtreeDelete,5.268,50.335,44.849,0.218,0.143,1,655068.750,incremental,200,0,0,0,0,0,0,0,200,0,0
array,subtree-delete,10000,26,180189.600,subtreeDelete,5.169,51.088,45.716,0.203,0.130,1,655068.750,incremental,200,0,0,0,0,0,0,0,200,0,0
array,subtree-delete,10000,27,180189.600,subtreeDelete,5.213,51.263,45.760,0.289,0.182,1,655068.750,incremental,200,0,0,0,0,0,0,0,200,0,0
array,subtree-delete,10000,28,180189.600,subtreeDelete,5.333,52.306,46.672,0.301,0.186,1,655068.750,incremental,200,0,0,0,0,0,0,0,200,0,0
array,subtree-delete,10000,29,180189.600,subtreeDelete,5.992,53.948,47.646,0.309,0.190,1,655068.750,incremental,200,0,0,0,0,0,0,0,200,0,0
array,subtree-delete,10000,30,180189.600,subtreeDelete,5.533,53.123,47.299,0.290,0.181,1,655068.750,incremental,200,0,0,0,0,0,0,0,200,0,0
array,subtree-delete,10000,31,180189.600,subtreeDelete,5.385,51.691,46.035,0.270,0.166,1,655068.750,incremental,200,0,0,0,0,0,0,0,200,0,0
array,subtree-delete,10000,32,180189.600,subtreeDelete,5.334,54.383,48.666,0.382,0.248,1,655068.750,incremental,200,0,0,0,0,0,0,0,200,0,0
array,subtree-delete,10000,33,180189.600,subtreeDelete,5.737,52.306,46.217,0.352,0.222,1,655068.750,incremental,200,0,0,0,0,0,0,0,200,0,0
array,subtree-delete,10000,34,180189.600,subtreeDelete,5.162,50.670,45.252,0.255,0.168,1,655068.750,incremental,200,0,0,0,0,0,0,0,200,0,0
array,subtree-delete,10000,35,180189.600,subtreeDelete,5.162,51.973,46.480,0.331,0.210,1,655068.750,incremental,200,0,0,0,0,0,0,0,200,0,0
array,subtree-delete,10000,36,180189.600,subtreeDelete,5.234,50.552,45.088,0.230,0.145,1,655068.750,incremental,200,0,0,0,0,0,0,0,200,0,0
array,subtree-delete,10000,37,180189.600,subtreeDelete,5.194,50.639,45.242,0.203,0.134,1,655068.750,incremental,200,0,0,0,0,0,0,0,200,0,0
array,subtree-delete,10000,38,180189.600,subtreeDelete,5.148,51.197,45.764,0.285,0.178,1,655068.750,incremental,200,0,0,0,0,0,0,0,200,0,0
array,subtree-delete,10000,39,180189.600,subtreeDelete,5.199,50.063,44.642,0.222,0.145,1,655068.750,incremental,200,0,0,0,0,0,0,0,200,0,0
array,subtree-delete,10000,40,180189.600,subtreeDelete,5.252,54.313,48.725,0.335,0.226,1,655068.750,incremental,200,0,0,0,0,0,0,0,200,0,0
array,subtree-delete,10000,41,180189.600,subtreeDelete,5.194,50.174,44.744,0.235,0.158,1,655068.750,incremental,200,0,0,0,0,0,0,0,200,0,0
array,subtree-delete,10000,42,180189.600,subtreeDelete,5.155,50.239,44.841,0.243,0.167,1,655068.750,incremental,200,0,0,0,0,0,0,0,200,0,0
array,subtree-delete,10000,43,180189.600,subtreeDelete,5.204,50.365,44.924,0.236,0.152,1,655068.750,incremental,200,0,0,0,0,0,0,0,200,0,0
array,subtree-delete,10000,44,180189.600,subtreeDelete,5.181,51.680,46.216,0.283,0.178,1,655068.750,incremental,200,0,0,0,0,0,0,0,200,0,0
array,subtree-delete,10000,45,180189.600,subtreeDelete,5.214,49.714,44.236,0.263,0.171,1,655068.750,incremental,200,0,0,0,0,0,0,0,200,0,0
array,subtree-delete,10000,46,180189.600,subtreeDelete,5.273,49.979,44.481,0.225,0.145,1,655068.750,incremental,200,0,0,0,0,0,0,0,200,0,0
array,subtree-delete,10000,47,180189.600,subtreeDelete,5.255,49.791,44.337,0.198,0.126,1,655068.750,incremental,200,0,0,0,0,0,0,0,200,0,0
array,subtree-delete,10000,48,180189.600,subtreeDelete,5.192,50.166,44.780,0.194,0.124,1,655068.750,incremental,200,0,0,0,0,0,0,0,200,0,0
array,subtree-delete,10000,49,180189.600,subtreeDelete,5.113,50.731,45.408,0.209,0.136,1,655068.750,incremental,200,0,0,0,0,0,0,0,200,0,0
array,subtree-delete,10000,50,180189.600,subtreeDelete,5.116,49.551,44.247,0.188,0.121,1,655068.750,incremental,200,0,0,0,0,0,0,0,200,0,0
array,subtree-delete,10000,51,180189.600,subtreeDelete,5.189,51.306,45.862,0.255,0.162,1,655068.750,incremental,200,0,0,0,0,0,0,0,200,0,0
array,subtree-delete,10000,52,180189.600,subtreeDelete,5.176,50.279,44.905,0.197,0.126,1,655068.750,incremental,200,0,0,0,0,0,0,0,200,0,0
array,subtree-delete,10000,53,180189.600,subtreeDelete,5.153,52.208,46.720,0.335,0.209,1,655068.750,incremental,200,0,0,0,0,0,0,0,200,0,0
array,subtree-delete,10000,54,180189.600,subtreeDelete,5.856,57.505,51.165,0.483,0.306,1,655068.750,incremental,200,0,0,0,0,0,0,0,200,0,0
array,subtree-delete,10000,55,180189.600,subtreeDelete,5.608,53.488,47.529,0.351,0.231,1,655068.750,incremental,200,0,0,0,0,0,0,0,200,0,0
array,subtree-delete,10000,56,180189.600,subtreeDelete,5.444,50.669,44.953,0.271,0.170,1,655068.750,incremental,200,0,0,0,0,0,0,0,200,0,0
array,subtree-delete,10000,57,180189.600,subtreeDelete,5.237,50.906,45.429,0.239,0.154,1,655068.750,incremental,200,0,0,0,0,0,0,0,200,0,0
array,subtree-delete,10000,58,180189.600,subtreeDelete,5.142,50.300,44.929,0.228,0.146,1,655068.750,incremental,200,0,0,0,0,0,0,0,200,0,0
array,subtree-delete,10000,59,180189.600,subtreeDelete,5.155,50.872,45.501,0.216,0.143,1,655068.750,incremental,200,0,0,0,0,0,0,0,200,0,0
array,subtree-reorder,100,0,1484.600,subtreeReorder,0.124,8.083,0.198,7.761,7.270,1,655040.449,incremental,6,22,0,0,0,0,0,0,0,6,0
array,subtree-reorder,100,1,1484.600,subtreeReorder,0.068,6.916,0.110,6.737,6.356,1,655040.449,incremental,6,22,0,0,0,0,0,0,0,6,0
array,subtree-reorder,100,2,1484.600,subtreeReorder,0.060,6.626,0.100,6.466,6.112,1,655040.449,incremental,6,22,0,0,0,0,0,0,0,6,0
array,subtree-reorder,100,3,1484.600,subtreeReorder,0.058,6.753,0.107,6.588,6.224,1,655040.449,incremental,6,22,0,0,0,0,0,0,0,6,0
array,subtree-reorder,100,4,1484.600,subtreeReorder,0.064,6.887,0.101,6.722,6.357,1,655040.449,incremental,6,22,0,0,0,0,0,0,0,6,0
array,subtree-reorder,100,5,1484.600,subtreeReorder,0.121,6.614,0.099,6.394,6.064,1,655040.449,incremental,6,22,0,0,0,0,0,0,0,6,0
array,subtree-reorder,100,6,1484.600,subtreeReorder,0.057,6.444,0.096,6.291,5.962,1,655040.449,incremental,6,22,0,0,0,0,0,0,0,6,0
array,subtree-reorder,100,7,1484.600,subtreeReorder,0.060,6.835,0.092,6.683,6.343,1,655040.449,incremental,6,22,0,0,0,0,0,0,0,6,0
array,subtree-reorder,100,8,1484.600,subtreeReorder,0.074,6.359,0.099,6.186,5.864,1,655040.449,incremental,6,22,0,0,0,0,0,0,0,6,0
array,subtree-reorder,100,9,1484.600,subtreeReorder,0.057,6.542,0.091,6.394,6.061,1,655040.449,incremental,6,22,0,0,0,0,0,0,0,6,0
array,subtree-reorder,100,10,1484.600,subtreeReorder,0.060,6.529,0.093,6.376,6.051,1,655040.449,incremental,6,22,0,0,0,0,0,0,0,6,0
array,subtree-reorder,100,11,1484.600,subtreeReorder,0.059,6.345,0.092,6.193,5.879,1,655040.449,incremental,6,22,0,0,0,0,0,0,0,6,0
array,subtree-reorder,100,12,1484.600,subtreeReorder,0.062,6.426,0.091,6.273,5.949,1,655040.449,incremental,6,22,0,0,0,0,0,0,0,6,0
array,subtree-reorder,100,13,1484.600,subtreeReorder,0.061,6.191,0.093,6.036,5.728,1,655040.449,incremental,6,22,0,0,0,0,0,0,0,6,0
array,subtree-reorder,100,14,1484.600,subtreeReorder,0.059,6.262,0.091,6.112,5.788,1,655040.449,incremental,6,22,0,0,0,0,0,0,0,6,0
array,subtree-reorder,100,15,1484.600,subtreeReorder,0.071,6.201,0.100,6.030,5.728,1,655040.449,incremental,6,22,0,0,0,0,0,0,0,6,0
array,subtree-reorder,100,16,1484.600,subtreeReorder,0.063,6.188,0.090,6.034,5.682,1,655040.449,incremental,6,22,0,0,0,0,0,0,0,6,0
array,subtree-reorder,100,17,1484.600,subtreeReorder,0.061,6.356,0.090,6.205,5.866,1,655040.449,incremental,6,22,0,0,0,0,0,0,0,6,0
array,subtree-reorder,100,18,1484.600,subtreeReorder,0.128,6.656,0.112,6.416,6.082,1,655040.449,incremental,6,22,0,0,0,0,0,0,0,6,0
array,subtree-reorder,100,19,1484.600,subtreeReorder,0.076,6.179,0.092,6.011,5.706,1,655040.449,incremental,6,22,0,0,0,0,0,0,0,6,0
array,subtree-reorder,100,20,1484.600,subtreeReorder,0.068,6.799,0.091,6.640,6.284,1,655040.449,incremental,6,22,0,0,0,0,0,0,0,6,0
array,subtree-reorder,100,21,1484.600,subtreeReorder,0.081,6.507,0.094,6.331,5.992,1,655040.449,incremental,6,22,0,0,0,0,0,0,0,6,0
array,subtree-reorder,100,22,1484.600,subtreeReorder,0.077,6.502,0.095,6.330,5.996,1,655040.449,incremental,6,22,0,0,0,0,0,0,0,6,0
array,subtree-reorder,100,23,1484.600,subtreeReorder,0.074,6.195,0.092,6.029,5.726,1,655040.449,incremental,6,22,0,0,0,0,0,0,0,6,0
array,subtree-reorder,100,24,1484.600,subtreeReorder,0.070,6.169,0.090,6.008,5.699,1,655040.449,incremental,6,22,0,0,0,0,0,0,0,6,0
array,subtree-reorder,100,25,1484.600,subtreeReorder,0.077,6.922,0.096,6.748,6.392,1,655040.449,incremental,6,22,0,0,0,0,0,0,0,6,0
array,subtree-reorder,100,26,1484.600,subtreeReorder,0.088,6.732,0.098,6.545,6.196,1,655040.449,incremental,6,22,0,0,0,0,0,0,0,6,0
array,subtree-reorder,100,27,1484.600,subtreeReorder,0.086,6.490,0.094,6.309,5.919,1,655040.449,incremental,6,22,0,0,0,0,0,0,0,6,0
array,subtree-reorder,100,28,1484.600,subtreeReorder,0.102,6.401,0.094,6.205,5.876,1,655040.449,incremental,6,22,0,0,0,0,0,0,0,6,0
array,subtree-reorder,100,29,1484.600,subtreeReorder,0.083,6.505,0.101,6.321,5.952,1,655040.449,incremental,6,22,0,0,0,0,0,0,0,6,0
array,subtree-reorder,100,30,1484.600,subtreeReorder,0.077,6.389,0.091,6.221,5.904,1,655040.449,incremental,6,22,0,0,0,0,0,0,0,6,0
array,subtree-reorder,100,31,1484.600,subtreeReorder,0.077,6.348,0.091,6.180,5.873,1,655040.449,incremental,6,22,0,0,0,0,0,0,0,6,0
array,subtree-reorder,100,32,1484.600,subtreeReorder,0.077,6.772,0.090,6.605,6.220,1,655040.449,incremental,6,22,0,0,0,0,0,0,0,6,0
array,subtree-reorder,100,33,1484.600,subtreeReorder,0.092,6.404,0.165,6.146,5.834,1,655040.449,incremental,6,22,0,0,0,0,0,0,0,6,0
array,subtree-reorder,100,34,1484.600,subtreeReorder,0.079,6.280,0.091,6.110,5.794,1,655040.449,incremental,6,22,0,0,0,0,0,0,0,6,0
array,subtree-reorder,100,35,1484.600,subtreeReorder,0.078,6.331,0.090,6.163,5.855,1,655040.449,incremental,6,22,0,0,0,0,0,0,0,6,0
array,subtree-reorder,100,36,1484.600,subtreeReorder,0.083,6.382,0.090,6.209,5.864,1,655040.449,incremental,6,22,0,0,0,0,0,0,0,6,0
array,subtree-reorder,100,37,1484.600,subtreeReorder,0.089,6.501,0.093,6.319,5.964,1,655040.449,incremental,6,22,0,0,0,0,0,0,0,6,0
array,subtree-reorder,100,38,1484.600,subtreeReorder,0.096,6.505,0.095,6.313,5.957,1,655040.449,incremental,6,22,0,0,0,0,0,0,0,6,0
array,subtree-reorder,100,39,1484.600,subtreeReorder,0.101,6.964,0.095,6.768,6.326,1,655040.449,incremental,6,22,0,0,0,0,0,0,0,6,0
array,subtree-reorder,100,40,1484.600,subtreeReorder,0.123,7.097,0.110,6.864,6.513,1,655040.449,incremental,6,22,0,0,0,0,0,0,0,6,0
array,subtree-reorder,100,41,1484.600,subtreeReorder,0.098,6.875,0.096,6.680,6.309,1,655040.449,incremental,6,22,0,0,0,0,0,0,0,6,0
array,subtree-reorder,100,42,1484.600,subtreeReorder,0.096,6.441,0.102,6.243,5.918,1,655040.449,incremental,6,22,0,0,0,0,0,0,0,6,0
array,subtree-reorder,100,43,1484.600,subtreeReorder,0.089,6.410,0.093,6.228,5.917,1,655040.449,incremental,6,22,0,0,0,0,0,0,0,6,0
array,subtree-reorder,100,44,1484.600,subtreeReorder,0.089,6.184,0.090,6.004,5.693,1,655040.449,incremental,6,22,0,0,0,0,0,0,0,6,0
array,subtree-reorder,100,45,1484.600,subtreeReorder,0.084,6.668,0.089,6.494,6.110,1,655040.449,incremental,6,22,0,0,0,0,0,0,0,6,0
array,subtree-reorder,100,46,1484.600,subtreeReorder,0.124,7.200,0.111,6.964,6.578,1,655040.449,incremental,6,22,0,0,0,0,0,0,0,6,0
array,subtree-reorder,100,47,1484.600,subtreeReorder,0.119,6.373,0.103,6.152,5.835,1,655040.449,incremental,6,22,0,0,0,0,0,0,0,6,0
array,subtree-reorder,100,48,1484.600,subtreeReorder,0.096,6.453,0.093,6.264,5.946,1,655040.449,incremental,6,22,0,0,0,0,0,0,0,6,0
array,subtree-reorder,100,49,1484.600,subtreeReorder,0.099,6.229,0.092,6.038,5.733,1,655040.449,incremental,6,22,0,0,0,0,0,0,0,6,0
array,subtree-reorder,100,50,1484.600,subtreeReorder,0.092,6.684,0.091,6.501,6.165,1,655040.449,incremental,6,22,0,0,0,0,0,0,0,6,0
array,subtree-reorder,100,51,1484.600,subtreeReorder,0.100,6.485,0.093,6.292,5.976,1,655040.449,incremental,6,22,0,0,0,0,0,0,0,6,0
array,subtree-reorder,100,52,1484.600,subtreeReorder,0.095,6.337,0.091,6.151,5.835,1,655040.449,incremental,6,22,0,0,0,0,0,0,0,6,0
array,subtree-reorder,100,53,1484.600,subtreeReorder,0.091,6.702,0.090,6.520,6.196,1,655040.449,incremental,6,22,0,0,0,0,0,0,0,6,0
array,subtree-reorder,100,54,1484.600,subtreeReorder,0.106,6.247,0.092,6.048,5.732,1,655040.449,incremental,6,22,0,0,0,0,0,0,0,6,0
array,subtree-reorder,100,55,1484.600,subtreeReorder,0.096,6.317,0.089,6.131,5.770,1,655040.449,incremental,6,22,0,0,0,0,0,0,0,6,0
array,subtree-reorder,100,56,1484.600,subtreeReorder,0.100,6.215,0.096,6.018,5.712,1,655040.449,incremental,6,22,0,0,0,0,0,0,0,6,0
array,subtree-reorder,100,57,1484.600,subtreeReorder,0.092,6.218,0.089,6.037,5.734,1,655040.449,incremental,6,22,0,0,0,0,0,0,0,6,0
array,subtree-reorder,100,58,1484.600,subtreeReorder,0.095,6.404,0.089,6.220,5.898,1,655040.449,incremental,6,22,0,0,0,0,0,0,0,6,0
array,subtree-reorder,100,59,1484.600,subtreeReorder,0.102,6.220,0.092,6.026,5.723,1,655040.449,incremental,6,22,0,0,0,0,0,0,0,6,0
array,subtree-reorder,1000,0,17759.600,subtreeReorder,0.578,9.221,2.244,6.399,5.938,1,655043.594,incremental,50,17,0,0,0,0,0,0,0,50,0
array,subtree-reorder,1000,1,17759.600,subtreeReorder,1.056,10.804,2.192,7.555,7.153,1,655043.594,incremental,50,21,0,0,0,0,0,0,0,50,0
array,subtree-reorder,1000,2,17759.600,subtreeReorder,0.387,9.095,1.968,6.739,6.371,1,655043.594,incremental,50,20,0,0,0,0,0,0,0,50,0
array,subtree-reorder,1000,3,17759.600,subtreeReorder,0.291,9.246,1.929,7.025,6.674,1,655043.594,incremental,50,21,0,0,0,0,0,0,0,50,0
array,subtree-reorder,1000,4,17759.600,subtreeReorder,0.304,8.927,1.946,6.677,6.357,1,655043.594,incremental,50,20,0,0,0,0,0,0,0,50,0
array,subtree-reorder,1000,5,17759.600,subtreeReorder,0.368,9.062,1.961,6.733,6.410,1,655043.594,incremental,50,21,0,0,0,0,0,0,0,50,0
array,subtree-reorder,1000,6,17759.600,subtreeReorder,0.305,8.442,1.938,6.199,5.904,1,655043.594,incremental,50,20,0,0,0,0,0,0,0,50,0
array,subtree-reorder,1000,7,17759.600,subtreeReorder,0.314,8.762,1.930,6.518,6.215,1,655043.594,incremental,50,21,0,0,0,0,0,0,0,50,0
array,subtree-reorder,1000,8,17759.600,subtreeReorder,0.312,8.399,1.961,6.125,5.836,1,655043.594,incremental,50,20,0,0,0,0,0,0,0,50,0
array,subtree-reorder,1000,9,17759.600,subtreeReorder,0.318,8.750,1.947,6.485,6.182,1,655043.594,incremental,50,21,0,0,0,0,0,0,0,50,0
array,subtree-reorder,1000,10,17759.600,subtreeReorder,0.325,8.470,1.920,6.225,5.930,1,655043.594,incremental,50,20,0,0,0,0,0,0,0,50,0
array,subtree-reorder,1000,11,17759.600,subtreeReorder,0.364,9.076,1.961,6.751,6.433,1,655043.594,incremental,50,21,0,0,0,0,0,0,0,50,0
array,subtree-reorder,1000,12,17759.600,subtreeReorder,0.410,8.584,1.936,6.238,5.940,1,655043.594,incremental,50,20,0,0,0,0,0,0,0,50,0
array,subtree-reorder,1000,13,17759.600,subtreeReorder,0.355,8.921,1.995,6.571,6.256,1,655043.594,incremental,50,21,0,0,0,0,0,0,0,50,0
array,subtree-reorder,1000,14,17759.600,subtreeReorder,0.376,8.507,1.946,6.186,5.891,1,655043.594,incremental,50,20,0,0,0,0,0,0,0,50,0
array,subtree-reorder,1000,15,17759.600,subtreeReorder,0.371,8.815,2.026,6.418,6.110,1,655043.594,incremental,50,21,0,0,0,0,0,0,0,50,0
array,subtree-reorder,1000,16,17759.600,subtreeReorder,0.380,8.395,1.914,6.101,5.812,1,655043.594,incremental,50,20,0,0,0,0,0,0,0,50,0
array,subtree-reorder,1000,17,17759.600,subtreeReorder,0.400,8.815,1.977,6.437,6.133,1,655043.594,incremental,50,21,0,0,0,0,0,0,0,50,0
array,subtree-reorder,1000,18,17759.600,subtreeReorder,0.437,8.644,1.936,6.271,5.936,1,655043.594,incremental,50,20,0,0,0,0,0,0,0,50,0
array,subtree-reorder,1000,19,17759.600,subtreeReorder,0.424,8.823,1.972,6.426,6.126,1,655043.594,incremental,50,21,0,0,0,0,0,0,0,50,0
array,subtree-reorder,1000,20,17759.600,subtreeReorder,0.408,8.608,1.944,6.256,5.951,1,655043.594,incremental,50,20,0,0,0,0,0,0,0,50,0
array,subtree-reorder,1000,21,17759.600,subtreeReorder,0.441,9.239,2.099,6.699,6.370,1,655043.594,incremental,50,21,0,0,0,0,0,0,0,50,0
array,subtree-reorder,1000,22,17759.600,subtreeReorder,0.477,8.819,1.982,6.360,6.000,1,655043.594,incremental,50,20,0,0,0,0,0,0,0,50,0
array,subtree-reorder,1000,23,17759.600,subtreeReorder,0.595,8.973,1.964,6.414,6.102,1,655043.594,incremental,50,21,0,0,0,0,0,0,0,50,0
array,subtree-reorder,1000,24,17759.600,subtreeReorder,0.508,8.819,1.962,6.349,6.037,1,655043.594,incremental,50,20,0,0,0,0,0,0,0,50,0
array,subtree-reorder,1000,25,17759.600,subtreeReorder,0.510,8.903,1.989,6.404,6.101,1,655043.594,incremental,50,21,0,0,0,0,0,0,0,50,0
array,subtree-reorder,1000,26,17759.600,subtreeReorder,0.469,8.763,1.940,6.353,6.028,1,655043.594,incremental,50,20,0,0,0,0,0,0,0,50,0
array,subtree-reorder,1000,27,17759.600,subtreeReorder,0.498,8.919,2.011,6.410,6.107,1,655043.594,incremental,50,21,0,0,0,0,0,0,0,50,0
array,subtree-reorder,1000,28,17759.600,subtreeReorder,0.473,8.626,1.927,6.227,5.935,1,655043.594,incremental,50,20,0,0,0,0,0,0,0,50,0
array,subtree-reorder,1000,29,17759.600,subtreeReorder,0.503,8.947,2.003,6.441,6.134,1,655043.594,incremental,50,21,0,0,0,0,0,0,0,50,0
array,subtree-reorder,1000,30,17759.600,subtreeReorder,0.559,8.734,1.992,6.183,5.888,1,655043.594,incremental,50,20,0,0,0,0,0,0,0,50,0
array,subtree-reorder,1000,31,17759.600,subtreeReorder,0.527,8.931,1.961,6.442,6.143,1,655043.594,incremental,50,21,0,0,0,0,0,0,0,50,0
array,subtree-reorder,1000,32,17759.600,subtreeReorder,0.508,8.712,2.057,6.147,5.846,1,655043.594,incremental,50,20,0,0,0,0,0,0,0,50,0
array,subtree-reorder,1000,33,17759.600,subtreeReorder,0.549,9.530,1.923,7.058,6.713,1,655043.594,incremental,50,21,0,0,0,0,0,0,0,50,0
array,subtree-reorder,1000,34,17759.600,subtreeReorder,0.610,9.512,1.944,6.959,6.615,1,655043.594,incremental,50,20,0,0,0,0,0,0,0,50,0
array,subtree-reorder,1000,35,17759.600,subtreeReorder,0.594,9.755,2.056,7.105,6.753,1,655043.594,incremental,50,21,0,0,0,0,0,0,0,50,0
array,subtree-reorder,1000,36,17759.600,subtreeReorder,0.637,9.915,2.070,7.207,6.854,1,655043.594,incremental,50,20,0,0,0,0,0,0,0,50,0
array,subtree-reorder,1000,37,17759.600,subtreeReorder,0.599,9.684,2.013,7.071,6.699,1,655043.594,incremental,50,21,0,0,0,0,0,0,0,50,0
array,subtree-reorder,1000,38,17759.600,subtreeReorder,0.643,9.601,2.082,6.876,6.518,1,655043.594,incremental,50,20,0,0,0,0,0,0,0,50,0
array,subtree-reorder,1000,39,17759.600,subtreeReorder,0.674,9.776,2.086,7.015,6.615,1,655043.594,incremental,50,21,0,0,0,0,0,0,0,50,0
array,subtree-reorder,1000,40,17759.600,subtreeReorder,0.659,9.664,2.086,6.918,6.576,1,655043.594,incremental,50,20,0,0,0,0,0,0,0,50,0
array,subtree-reorder,1000,41,17759.600,subtreeReorder,0.705,10.076,2.061,7.310,6.945,1,655043.594,incremental,50,21,0,0,0,0,0,0,0,50,0
array,subtree-reorder,1000,42,17759.600,subtreeReorder,0.681,9.816,2.060,7.074,6.700,1,655043.594,incremental,50,20,0,0,0,0,0,0,0,50,0
array,subtree-reorder,1000,43,17759.600,subtreeReorder,0.788,9.905,2.041,7.076,6.720,1,655043.594,incremental,50,21,0,0,0,0,0,0,0,50,0
array,subtree-reorder,1000,44,17759.600,subtreeReorder,0.709,9.385,2.045,6.630,6.300,1,655043.594,incremental,50,20,0,0,0,0,0,0,0,50,0
array,subtree-reorder,1000,45,17759.600,subtreeReorder,0.689,9.992,2.114,7.189,6.823,1,655043.594,incremental,50,21,0,0,0,0,0,0,0,50,0
array,subtree-reorder,1000,46,17759.600,subtreeReorder,0.698,9.739,2.071,6.969,6.624,1,655043.594,incremental,50,20,0,0,0,0,0,0,0,50,0
array,subtree-reorder,1000,47,17759.600,subtreeReorder,0.720,9.833,2.043,7.070,6.718,1,655043.594,incremental,50,21,0,0,0,0,0,0,0,50,0
array,subtree-reorder,1000,48,17759.600,subtreeReorder,0.723,9.662,2.035,6.905,6.560,1,655043.594,incremental,50,20,0,0,0,0,0,0,0,50,0
array,subtree-reorder,1000,49,17759.600,subtreeReorder,0.759,9.878,2.082,7.037,6.675,1,655043.594,incremental,50,21,0,0,0,0,0,0,0,50,0
array,subtree-reorder,1000,50,17759.600,subtreeReorder,0.782,10.082,2.134,7.166,6.770,1,655043.594,incremental,50,20,0,0,0,0,0,0,0,50,0
array,subtree-reorder,1000,51,17759.600,subtreeReorder,0.843,10.558,2.071,7.644,7.180,1,655043.594,incremental,50,21,0,0,0,0,0,0,0,50,0
array,subtree-reorder,1000,52,17759.600,subtreeReorder,0.873,9.834,2.094,6.866,6.513,1,655043.594,incremental,50,20,0,0,0,0,0,0,0,50,0
array,subtree-reorder,1000,53,17759.600,subtreeReorder,0.787,9.814,1.967,7.060,6.714,1,655043.594,incremental,50,21,0,0,0,0,0,0,0,50,0
array,subtree-reorder,1000,54,17759.600,subtreeReorder,0.805,9.276,2.046,6.424,6.103,1,655043.594,incremental,50,20,0,0,0,0,0,0,0,50,0
array,subtree-reorder,1000,55,17759.600,subtreeReorder,0.784,9.933,2.109,7.040,6.663,1,655043.594,incremental,50,21,0,0,0,0,0,0,0,50,0
array,subtree-reorder,1000,56,17759.600,subtreeReorder,0.795,9.403,1.968,6.640,6.182,1,655043.594,incremental,50,20,0,0,0,0,0,0,0,50,0
array,subtree-reorder,1000,57,17759.600,subtreeReorder,0.773,9.519,1.997,6.748,6.420,1,655043.594,incremental,50,21,0,0,0,0,0,0,0,50,0
array,subtree-reorder,1000,58,17759.600,subtreeReorder,0.789,9.401,1.992,6.620,6.298,1,655043.594,incremental,50,20,0,0,0,0,0,0,0,50,0
array,subtree-reorder,1000,59,17759.600,subtreeReorder,0.804,9.518,1.993,6.721,6.397,1,655043.594,incremental,50,21,0,0,0,0,0,0,0,50,0
array,subtree-reorder,10000,0,180219.600,subtreeReorder,6.191,108.744,95.409,7.143,6.595,1,655068.750,incremental,200,17,0,0,0,0,0,0,0,200,0
array,subtree-reorder,10000,1,180219.600,subtreeReorder,7.121,108.648,93.545,7.981,7.533,1,655068.750,incremental,200,22,0,0,0,0,0,0,0,200,0
array,subtree-reorder,10000,2,180219.600,subtreeReorder,5.504,105.760,93.249,7.006,6.633,1,655068.750,incremental,200,21,0,0,0,0,0,0,0,200,0
array,subtree-reorder,10000,3,180219.600,subtreeReorder,5.341,106.358,93.148,7.869,7.442,1,655068.750,incremental,200,22,0,0,0,0,0,0,0,200,0
array,subtree-reorder,10000,4,180219.600,subtreeReorder,5.673,109.180,95.800,7.707,7.277,1,655068.750,incremental,200,21,0,0,0,0,0,0,0,200,0
array,subtree-reorder,10000,5,180219.600,subtreeReorder,5.552,106.248,93.264,7.431,7.035,1,655068.750,incremental,200,22,0,0,0,0,0,0,0,200,0
array,subtree-reorder,10000,6,180219.600,subtreeReorder,6.288,105.118,91.889,6.939,6.576,1,655068.750,incremental,200,21,0,0,0,0,0,0,0,200,0
array,subtree-reorder,10000,7,180219.600,subtreeReorder,6.185,112.403,96.971,9.246,8.550,1,655068.750,incremental,200,22,0,0,0,0,0,0,0,200,0
array,subtree-reorder,10000,8,180219.600,subtreeReorder,7.454,112.252,96.251,8.545,8.035,1,655068.750,incremental,200,21,0,0,0,0,0,0,0,200,0
array,subtree-reorder,10000,9,180219.600,subtreeReorder,6.972,112.658,96.801,8.884,8.346,1,655068.750,incremental,200,22,0,0,0,0,0,0,0,200,0
array,subtree-reorder,10000,10,180219.600,subtreeReorder,6.507,110.345,95.589,8.248,7.807,1,655068.750,incremental,200,21,0,0,0,0,0,0,0,200,0
array,subtree-reorder,10000,11,180219.600,subtreeReorder,6.574,111.085,95.781,8.729,8.198,1,655068.750,incremental,200,22,0,0,0,0,0,0,0,200,0
array,subtree-reorder,10000,12,180219.600,subtreeReorder,6.391,113.445,97.122,9.931,9.308,1,655068.750,incremental,200,21,0,0,0,0,0,0,0,200,0
array,subtree-reorder,10000,13,180219.600,subtreeReorder,6.991,110.524,95.635,7.897,7.381,1,655068.750,incremental,200,22,0,0,0,0,0,0,0,200,0
array,subtree-reorder,10000,14,180219.600,subtreeReorder,6.218,107.718,92.752,8.747,8.200,1,655068.750,incremental,200,21,0,0,0,0,0,0,0,200,0
array,subtree-reorder,10000,15,180219.600,subtreeReorder,6.575,111.691,96.974,8.141,7.665,1,655068.750,incremental,200,22,0,0,0,0,0,0,0,200,0
array,subtree-reorder,10000,16,180219.600,subtreeReorder,6.393,109.934,95.233,8.308,7.790,1,655068.750,incremental,200,21,0,0,0,0,0,0,0,200,0
array,subtree-reorder,10000,17,180219.600,subtreeReorder,6.796,112.641,97.702,8.141,7.632,1,655068.750,incremental,200,22,0,0,0,0,0,0,0,200,0
array,subtree-reorder,10000,18,180219.600,subtreeReorder,6.264,111.112,93.070,11.778,11.210,1,655068.750,incremental,200,21,0,0,0,0,0,0,0,200,0
array,subtree-reorder,10000,19,180219.600,subtreeReorder,7.503,127.886,111.921,8.462,7.959,1,655068.750,incremental,200,22,0,0,0,0,0,0,0,200,0
array,subtree-reorder,10000,20,180219.600,subtreeReorder,6.645,108.785,94.281,7.859,7.436,1,655068.750,incremental,200,21,0,0,0,0,0,0,0,200,0
array,subtree-reorder,10000,21,180219.600,subtreeReorder,6.283,106.918,93.140,7.494,7.049,1,655068.750,incremental,200,22,0,0,0,0,0,0,0,200,0
array,subtree-reorder,10000,22,180219.600,subtreeReorder,6.222,105.125,91.764,7.139,6.730,1,655068.750,incremental,200,21,0,0,0,0,0,0,0,200,0
array,subtree-reorder,10000,23,180219.600,subtreeReorder,6.129,107.359,92.915,8.314,7.865,1,655068.750,incremental,200,22,0,0,0,0,0,0,0,200,0
array,subtree-reorder,10000,24,180219.600,subtreeReorder,6.518,110.204,96.058,7.628,7.192,1,655068.750,incremental,200,21,0,0,0,0,0,0,0,200,0
array,subtree-reorder,10000,25,180219.600,subtreeReorder,6.192,111.858,97.464,8.201,7.715,1,655068.750,incremental,200,22,0,0,0,0,0,0,0,200,0
array,subtree-reorder,10000,26,180219.600,subtreeReorder,6.543,110.337,96.001,7.793,7.358,1,655068.750,incremental,200,21,0,0,0,0,0,0,0,200,0
array,subtree-reorder,10000,27,180219.600,subtreeReorder,6.422,110.013,95.548,8.042,7.583,1,655068.750,incremental,200,22,0,0,0,0,0,0,0,200,0
array,subtree-reorder,10000,28,180219.600,subtreeReorder,6.437,108.672,94.327,7.908,7.495,1,655068.750,incremental,200,21,0,0,0,0,0,0,0,200,0
array,subtree-reorder,10000,29,180219.600,subtreeReorder,6.249,108.922,94.825,7.846,7.407,1,655068.750,incremental,200,22,0,0,0,0,0,0,0,200,0
array,subtree-reorder,10000,30,180219.600,subtreeReorder,6.351,132.242,104.262,21.628,21.052,1,655068.750,incremental,200,21,0,0,0,0,0,0,0,200,0
array,subtree-reorder,10000,31,180219.600,subtreeReorder,7.377,119.362,101.902,10.080,9.528,1,655068.750,incremental,200,22,0,0,0,0,0,0,0,200,0
array,subtree-reorder,10000,32,180219.600,subtreeReorder,6.716,110.665,96.035,7.913,7.455,1,655068.750,incremental,200,21,0,0,0,0,0,0,0,200,0
array,subtree-reorder,10000,33,180219.600,subtreeReorder,6.360,111.746,97.189,8.196,7.724,1,655068.750,incremental,200,22,0,0,0,0,0,0,0,200,0
array,subtree-reorder,10000,34,180219.600,subtreeReorder,6.400,110.682,96.547,7.734,7.306,1,655068.750,incremental,200,21,0,0,0,0,0,0,0,200,0
array,subtree-reorder,10000,35,180219.600,subtreeReorder,6.423,112.969,97.406,9.138,8.580,1,655068.750,incremental,200,22,0,0,0,0,0,0,0,200,0
array,subtree-reorder,10000,36,180219.600,subtreeReorder,6.746,113.740,98.797,8.197,7.715,1,655068.750,incremental,200,21,0,0,0,0,0,0,0,200,0
array,subtree-reorder,10000,37,180219.600,subtreeReorder,6.410,115.737,100.197,9.130,8.599,1,655068.750,incremental,200,22,0,0,0,0,0,0,0,200,0
array,subtree-reorder,10000,38,180219.600,subtreeReorder,6.643,114.150,99.036,8.470,7.959,1,655068.750,incremental,200,21,0,0,0,0,0,0,0,200,0
array,subtree-reorder,10000,39,180219.600,subtreeReorder,6.716,113.838,98.987,8.135,7.665,1,655068.750,incremental,200,22,0,0,0,0,0,0,0,200,0
array,subtree-reorder,10000,40,180219.600,subtreeReorder,6.504,108.617,94.810,7.303,6.893,1,655068.750,incremental,200,21,0,0,0,0,0,0,0,200,0
array,subtree-reorder,10000,41,180219.600,subtreeReorder,6.335,109.389,95.056,7.997,7.482,1,655068.750,incremental,200,22,0,0,0,0,0,0,0,200,0
array,subtree-reorder,10000,42,180219.600,subtreeReorder,6.332,109.227,95.095,7.799,7.326,1,655068.750,incremental,200,21,0,0,0,0,0,0,0,200,0
array,subtree-reorder,10000,43,180219.600,subtreeReorder,6.396,113.102,98.334,8.372,7.873,1,655068.750,incremental,200,22,0,0,0,0,0,0,0,200,0
array,subtree-reorder,10000,44,180219.600,subtreeReorder,6.475,112.698,97.650,8.572,8.109,1,655068.750,incremental,200,21,0,0,0,0,0,0,0,200,0
array,subtree-reorder,10000,45,180219.600,subtreeReorder,6.903,112.775,97.571,8.300,7.822,1,655068.750,incremental,200,22,0,0,0,0,0,0,0,200,0
array,subtree-reorder,10000,46,180219.600,subtreeReorder,6.476,122.957,96.259,20.221,19.636,1,655068.750,incremental,200,21,0,0,0,0,0,0,0,200,0
array,subtree-reorder,10000,47,180219.600,subtreeReorder,12.129,124.046,103.134,8.783,8.297,1,655068.750,incremental,200,22,0,0,0,0,0,0,0,200,0
array,subtree-reorder,10000,48,180219.600,subtreeReorder,6.417,113.429,98.560,8.451,7.925,1,655068.750,incremental,200,21,0,0,0,0,0,0,0,200,0
array,subtree-reorder,10000,49,180219.600,subtreeReorder,6.871,111.015,94.370,9.773,9.243,1,655068.750,incremental,200,22,0,0,0,0,0,0,0,200,0
array,subtree-reorder,10000,50,180219.600,subtreeReorder,6.653,110.026,95.298,8.074,7.615,1,655068.750,incremental,200,21,0,0,0,0,0,0,0,200,0
array,subtree-reorder,10000,51,180219.600,subtreeReorder,6.424,118.678,102.705,9.547,8.935,1,655068.750,incremental,200,22,0,0,0,0,0,0,0,200,0
array,subtree-reorder,10000,52,180219.600,subtreeReorder,7.148,119.947,103.470,9.328,8.772,1,655068.750,incremental,200,21,0,0,0,0,0,0,0,200,0
array,subtree-reorder,10000,53,180219.600,subtreeReorder,7.165,119.346,100.619,11.561,10.868,1,655068.750,incremental,200,22,0,0,0,0,0,0,0,200,0
array,subtree-reorder,10000,54,180219.600,subtreeReorder,7.815,116.382,99.722,8.842,8.311,1,655068.750,incremental,200,21,0,0,0,0,0,0,0,200,0
array,subtree-reorder,10000,55,180219.600,subtreeReorder,7.038,119.968,104.047,8.882,8.374,1,655068.750,incremental,200,22,0,0,0,0,0,0,0,200,0
array,subtree-reorder,10000,56,180219.600,subtreeReorder,7.343,115.043,99.192,8.507,8.004,1,655068.750,incremental,200,21,0,0,0,0,0,0,0,200,0
array,subtree-reorder,10000,57,180219.600,subtreeReorder,6.968,112.155,97.287,7.898,7.424,1,655068.750,incremental,200,22,0,0,0,0,0,0,0,200,0
array,subtree-reorder,10000,58,180219.600,subtreeReorder,6.504,111.320,96.859,7.955,7.479,1,655068.750,incremental,200,21,0,0,0,0,0,0,0,200,0
array,subtree-reorder,10000,59,180219.600,subtreeReorder,6.769,114.837,98.495,9.572,8.956,1,655068.750,incremental,200,22,0,0,0,0,0,0,0,200,0
